light,heavy,antigen,delta_g
1AK4_AB_485A,EMPTY,1AK4_CD_485A,-7.15
1AK4_AB_487A,EMPTY,1AK4_CD_487A,-7.23
1AK4_AB_487R,EMPTY,1AK4_CD_487R,-6.59
1AK4_AB_488G,EMPTY,1AK4_CD_488G,-5.58
1AK4_AB_489A,EMPTY,1AK4_CD_489A,-6.16
1AK4_AB_489V,EMPTY,1AK4_CD_489V,-5.21
1AK4_AB_490V,EMPTY,1AK4_CD_490V,-5.21
1AK4_AB_491A,EMPTY,1AK4_CD_491A,-8
1AK4_AB_491V,EMPTY,1AK4_CD_491V,-8.24
1AK4_AB_492G,EMPTY,1AK4_CD_492G,-7.66
1AK4_AB_492V,EMPTY,1AK4_CD_492V,-7.88
1AK4_AB_493A,EMPTY,1AK4_CD_493A,-7.56
1AK4_AB_496I,EMPTY,1AK4_CD_496I,-7.5
1BJ1_L_E93A,1BJ1_H_E93A,1BJ1_VW_E93A,-10.73
1BJ1_L_F17A,1BJ1_H_F17A,1BJ1_VW_F17A,-11.55
1BJ1_L_G92A,1BJ1_H_G92A,1BJ1_VW_G92A,-7.86
1BJ1_L_I80A,1BJ1_H_I80A,1BJ1_VW_I80A,-10.73
1BJ1_L_I83A,1BJ1_H_I83A,1BJ1_VW_I83A,-7.86
1BJ1_L_I91A,1BJ1_H_I91A,1BJ1_VW_I91A,-11.14
1BJ1_L_K84A,1BJ1_H_K84A,1BJ1_VW_K84A,-10.9
1BJ1_L_M81A,1BJ1_H_M81A,1BJ1_VW_M81A,-7.86
1BJ1_L_Q87A,1BJ1_H_Q87A,1BJ1_VW_Q87A,-11.55
1BJ1_L_Q89A,1BJ1_H_Q89A,1BJ1_VW_Q89A,-9.8
1BJ1_L_R82A,1BJ1_H_R82A,1BJ1_VW_R82A,-7.86
1BJ1_L_Y21A,1BJ1_H_Y21A,1BJ1_VW_Y21A,-11.55
1BJ1_L_Y45A,1BJ1_H_Y45A,1BJ1_VW_Y45A,-10.73
1CZ8_L_G88A,1CZ8_H_G88A,1CZ8_WV_G88A,-11.45
1CZ8_L_H86A,1CZ8_H_H86A,1CZ8_WV_H86A,-14.12
1CZ8_L_H90A,1CZ8_H_H90A,1CZ8_WV_H90A,-14.12
1CZ8_L_I80A,1CZ8_H_I80A,1CZ8_WV_I80A,-13.17
1CZ8_L_I83A,1CZ8_H_I83A,1CZ8_WV_I83A,-12.82
1CZ8_L_I91A,1CZ8_H_I91A,1CZ8_WV_I91A,-13.06
1CZ8_L_K48A,1CZ8_H_K48A,1CZ8_WV_K48A,-14.12
1CZ8_L_K84A,1CZ8_H_K84A,1CZ8_WV_K84A,-12.76
1CZ8_L_M94A,1CZ8_H_M94A,1CZ8_WV_M94A,-12.21
1CZ8_L_Q79A,1CZ8_H_Q79A,1CZ8_WV_Q79A,-13.47
1CZ8_L_Q87A,1CZ8_H_Q87A,1CZ8_WV_Q87A,-14.12
1CZ8_L_Y21A,1CZ8_H_Y21A,1CZ8_WV_Y21A,-14.12
1CZ8_L_Y45A,1CZ8_H_Y45A,1CZ8_WV_Y45A,-12.18
1DQJ_L_100A1,1DQJ_H_100A1,1DQJ_C_100A1,-6.15
1DQJ_L_100A3,1DQJ_H_100A3,1DQJ_C_100A3,-10.65
1DQJ_L_101A1,1DQJ_H_101A1,1DQJ_C_101A1,-8.75
1DQJ_L_K96A1,1DQJ_H_K96A1,1DQJ_C_K96A1,-5.65
1DQJ_L_K96A2,1DQJ_H_K96A2,1DQJ_C_K96A2,-5.35
1DQJ_L_K97A,1DQJ_H_K97A,1DQJ_C_K97A,-7.95
1DQJ_L_K97A1,1DQJ_H_K97A1,1DQJ_C_K97A1,-8.95
1DQJ_L_K97A2,1DQJ_H_K97A2,1DQJ_C_K97A2,-4.85
1DQJ_L_L75A1,1DQJ_H_L75A1,1DQJ_C_L75A1,-10.25
1DQJ_L_N31A,1DQJ_H_N31A,1DQJ_C_N31A,-9.45
1DQJ_L_N32A,1DQJ_H_N32A,1DQJ_C_N32A,-7.35
1DQJ_L_N93A,1DQJ_H_N93A,1DQJ_C_N93A,-10.85
1DQJ_L_R21A2,1DQJ_H_R21A2,1DQJ_C_R21A2,-7.95
1DQJ_L_R21A3,1DQJ_H_R21A3,1DQJ_C_R21A3,-10.15
1DQJ_L_S91A,1DQJ_H_S91A,1DQJ_C_S91A,-10.05
1DQJ_L_T89A,1DQJ_H_T89A,1DQJ_C_T89A,-10.65
1DQJ_L_W62A1,1DQJ_H_W62A1,1DQJ_C_W62A1,-10.15
1DQJ_L_W62A2,1DQJ_H_W62A2,1DQJ_C_W62A2,-10.65
1DQJ_L_W63A2,1DQJ_H_W63A2,1DQJ_C_W63A2,-10.15
1DQJ_L_W98A,1DQJ_H_W98A,1DQJ_C_W98A,-6.55
1DQJ_L_Y20A1,1DQJ_H_Y20A1,1DQJ_C_Y20A1,-6.35
1DQJ_L_Y20A2,1DQJ_H_Y20A2,1DQJ_C_Y20A2,-7.85
1DQJ_L_Y33A,1DQJ_H_Y33A,1DQJ_C_Y33A,-5.95
1DQJ_L_Y50A1,1DQJ_H_Y50A1,1DQJ_C_Y50A1,-4.55
1DQJ_L_Y50A2,1DQJ_H_Y50A2,1DQJ_C_Y50A2,-8.75
1DQJ_L_Y53A,1DQJ_H_Y53A,1DQJ_C_Y53A,-10.25
1DQJ_L_Y96A,1DQJ_H_Y96A,1DQJ_C_Y96A,-10.35
1DVF_A_100A,1DVF_B_100A,1DVF_C_100A,-8.04
1DVF_A_101A,1DVF_B_101A,1DVF_C_101A,-8.15
1DVF_A_101F,1DVF_B_101F,1DVF_C_101F,-8.83
1DVF_A_102A1,1DVF_B_102A1,1DVF_C_102A1,-6.18
1DVF_A_102A2,1DVF_B_102A2,1DVF_C_102A2,-6.07
1DVF_A_104A2,1DVF_B_104A2,1DVF_C_104A2,-9.36
1DVF_A_104A3,1DVF_B_104A3,1DVF_C_104A3,-6.66
1DVF_A_104A4,1DVF_B_104A4,1DVF_C_104A4,-9.22
1DVF_A_106A2,1DVF_B_106A2,1DVF_C_106A2,-6.73
1DVF_A_D52A2,1DVF_B_D52A2,1DVF_C_D52A2,-9.16
1DVF_A_D58A,1DVF_B_D58A,1DVF_C_D58A,-9.24
1DVF_A_E98A,1DVF_B_E98A,1DVF_C_E98A,-6.63
1DVF_A_H30A,1DVF_B_H30A,1DVF_C_H30A,-9.19
1DVF_A_H33A2,1DVF_B_H33A2,1DVF_C_H33A2,-6.67
1DVF_A_H33A3,1DVF_B_H33A3,1DVF_C_H33A3,-8.31
1DVF_A_H33A4,1DVF_B_H33A4,1DVF_C_H33A4,-8.98
1DVF_A_K30A,1DVF_B_K30A,1DVF_C_K30A,-9.85
1DVF_A_N55A1,1DVF_B_N55A1,1DVF_C_N55A1,-8.81
1DVF_A_N55A2,1DVF_B_N55A2,1DVF_C_N55A2,-6.73
1DVF_A_N55A3,1DVF_B_N55A3,1DVF_C_N55A3,-8.54
1DVF_A_N56A,1DVF_B_N56A,1DVF_C_N56A,-9.69
1DVF_A_R99A,1DVF_B_R99A,1DVF_C_R99A,-8.97
1DVF_A_S93A,1DVF_B_S93A,1DVF_C_S93A,-9.69
1DVF_A_T30A,1DVF_B_T30A,1DVF_C_T30A,-9.94
1DVF_A_W52A,1DVF_B_W52A,1DVF_C_W52A,-6.69
1DVF_A_W92A,1DVF_B_W92A,1DVF_C_W92A,-10.52
1DVF_A_Y32A1,1DVF_B_Y32A1,1DVF_C_Y32A1,-8.81
1DVF_A_Y32A2,1DVF_B_Y32A2,1DVF_C_Y32A2,-9.01
1DVF_A_Y49A3,1DVF_B_Y49A3,1DVF_C_Y49A3,-9.11
1DVF_A_Y49A4,1DVF_B_Y49A4,1DVF_C_Y49A4,-8.98
1DVF_A_Y50A,1DVF_B_Y50A,1DVF_C_Y50A,-10.17
1FFW_AC_106W,EMPTY,1FFW_BD_106W,-7.36
1FFW_AC_108M,EMPTY,1FFW_BD_108M,-6.94
1FFW_AC_111V,EMPTY,1FFW_BD_111V,-6.81
1FFW_AC_117K,EMPTY,1FFW_BD_117K,-7.36
1FFW_AC_D13K,EMPTY,1FFW_BD_D13K,-8.02
1FFW_AC_E93K,EMPTY,1FFW_BD_E93K,-7.25
1FFW_AC_T87I,EMPTY,1FFW_BD_T87I,-8.39
1JRH_L_100K,1JRH_H_100K,1JRH_I_100K,-10.76
1JRH_L_107K,1JRH_H_107K,1JRH_I_107K,-10.06
1JRH_L_E21K,1JRH_H_E21K,1JRH_I_E21K,-10.72
1JRH_L_E45Q,1JRH_H_E45Q,1JRH_I_E45Q,-10.59
1JRH_L_E55S,1JRH_H_E55S,1JRH_I_E55S,-2.7
1JRH_L_L81A,1JRH_H_L81A,1JRH_I_L81A,-7.97
1JRH_L_R88K,1JRH_H_R88K,1JRH_I_R88K,-10.91
1JRH_L_T14V,1JRH_H_T14V,1JRH_I_T14V,-10.72
1JRH_L_V41I,1JRH_H_V41I,1JRH_I_V41I,-10.55
1JTG_BD_130A1,EMPTY,1JTG_AC_130A1,-12.74
1JTG_BD_130A2,EMPTY,1JTG_AC_130A2,-12.57
1JTG_BD_130A3,EMPTY,1JTG_AC_130A3,-12.79
1JTG_BD_130A4,EMPTY,1JTG_AC_130A4,-12.77
1JTG_BD_130A6,EMPTY,1JTG_AC_130A6,-12.34
1JTG_BD_130A8,EMPTY,1JTG_AC_130A8,-12.01
1JTG_BD_130A10,EMPTY,1JTG_AC_130A10,-13.08
1JTG_BD_234A2,EMPTY,1JTG_AC_234A2,-12.24
1JTG_BD_234A3,EMPTY,1JTG_AC_234A3,-12.45
1JTG_BD_234A4,EMPTY,1JTG_AC_234A4,-12.41
1JTG_BD_234A6,EMPTY,1JTG_AC_234A6,-11.86
1JTG_BD_234A7,EMPTY,1JTG_AC_234A7,-11.89
1JTG_BD_234A9,EMPTY,1JTG_AC_234A9,-12.77
1JTG_BD_235A1,EMPTY,1JTG_AC_235A1,-13.52
1JTG_BD_235A2,EMPTY,1JTG_AC_235A2,-13.09
1JTG_BD_235A3,EMPTY,1JTG_AC_235A3,-11.74
1JTG_BD_235A4,EMPTY,1JTG_AC_235A4,-12.26
1JTG_BD_243A1,EMPTY,1JTG_AC_243A1,-12.45
1JTG_BD_243A2,EMPTY,1JTG_AC_243A2,-12.04
1JTG_BD_243A3,EMPTY,1JTG_AC_243A3,-12.15
1JTG_BD_243A4,EMPTY,1JTG_AC_243A4,-12.02
1JTG_BD_243A5,EMPTY,1JTG_AC_243A5,-12.4
1JTG_BD_D49A,EMPTY,1JTG_AC_D49A,-11.6
1KTZ_B_110A,EMPTY,1KTZ_A_110A,-8.83
1KTZ_B_112A,EMPTY,1KTZ_A_112A,-8.93
1KTZ_B_118A,EMPTY,1KTZ_A_118A,-8.83
1KTZ_B_119Q,EMPTY,1KTZ_A_119Q,-8.03
1KTZ_B_125A,EMPTY,1KTZ_A_125A,-9.23
1KTZ_B_D32A,EMPTY,1KTZ_A_D32A,-8.33
1KTZ_B_F30A,EMPTY,1KTZ_A_F30A,-6.83
1KTZ_B_H79A,EMPTY,1KTZ_A_H79A,-9.33
1KTZ_B_I50A,EMPTY,1KTZ_A_I50A,-7.83
1KTZ_B_N47A,EMPTY,1KTZ_A_N47A,-9.43
1KTZ_B_S52A,EMPTY,1KTZ_A_S52A,-9.33
1KTZ_B_S52L,EMPTY,1KTZ_A_S52L,-6.03
1KTZ_B_T51A,EMPTY,1KTZ_A_T51A,-8.43
1KTZ_B_V62A,EMPTY,1KTZ_A_V62A,-9.03
1MHP_L_100F,1MHP_H_100F,1MHP_B_100F,-10.43
1MHP_L_100I,1MHP_H_100I,1MHP_B_100I,-3
1MHP_L_100L,1MHP_H_100L,1MHP_B_100L,-8.27
1MHP_L_100M,1MHP_H_100M,1MHP_B_100M,-10.9
1MHP_L_100S,1MHP_H_100S,1MHP_B_100S,-10.44
1MHP_L_100V,1MHP_H_100V,1MHP_B_100V,-3
1MHP_L_102S1,1MHP_H_102S1,1MHP_B_102S1,-9.42
1MHP_L_102S4,1MHP_H_102S4,1MHP_B_102S4,-3
1MHP_L_102S5,1MHP_H_102S5,1MHP_B_102S5,-9.33
1MHP_L_102S6,1MHP_H_102S6,1MHP_B_102S6,-3
1MHP_L_F33Y,1MHP_H_F33Y,1MHP_B_F33Y,-10.13
1MHP_L_F99W,1MHP_H_F99W,1MHP_B_F99W,-11
1MHP_L_F99Y,1MHP_H_F99Y,1MHP_B_F99Y,-10.24
1MHP_L_G53A,1MHP_H_G53A,1MHP_B_G53A,-10.49
1MHP_L_G53N,1MHP_H_G53N,1MHP_B_G53N,-9.74
1MHP_L_G53Q1,1MHP_H_G53Q1,1MHP_B_G53Q1,-9.33
1MHP_L_G53S,1MHP_H_G53S,1MHP_B_G53S,-10.32
1MHP_L_G53W2,1MHP_H_G53W2,1MHP_B_G53W2,-3
1MHP_L_G54F,1MHP_H_G54F,1MHP_B_G54F,-9.74
1MHP_L_G54N1,1MHP_H_G54N1,1MHP_B_G54N1,-9.09
1MHP_L_G54N2,1MHP_H_G54N2,1MHP_B_G54N2,-3
1MHP_L_G54W,1MHP_H_G54W,1MHP_B_G54W,-3
1MHP_L_G54Y,1MHP_H_G54Y,1MHP_B_G54Y,-11
1MHP_L_G92Q,1MHP_H_G92Q,1MHP_B_G92Q,-9.42
1MHP_L_G92S,1MHP_H_G92S,1MHP_B_G92S,-10.49
1MHP_L_H31K,1MHP_H_H31K,1MHP_B_H31K,-9.83
1MHP_L_K64D,1MHP_H_K64D,1MHP_B_K64D,-11.12
1MHP_L_K64E2,1MHP_H_K64E2,1MHP_B_K64E2,-11.36
1MHP_L_K64E3,1MHP_H_K64E3,1MHP_B_K64E3,-11.16
1MHP_L_K64N,1MHP_H_K64N,1MHP_B_K64N,-11.07
1MHP_L_K64Q1,1MHP_H_K64Q1,1MHP_B_K64Q1,-10.96
1MHP_L_K64Q2,1MHP_H_K64Q2,1MHP_B_K64Q2,-11.16
1MHP_L_L49K,1MHP_H_L49K,1MHP_B_L49K,-10.07
1MHP_L_L49W,1MHP_H_L49W,1MHP_B_L49W,-9.09
1MHP_L_L60D,1MHP_H_L60D,1MHP_B_L60D,-11.12
1MHP_L_N30K,1MHP_H_N30K,1MHP_B_N30K,-3
1MHP_L_N30V,1MHP_H_N30V,1MHP_B_N30V,-9.95
1MHP_L_N30W,1MHP_H_N30W,1MHP_B_N30W,-9.42
1MHP_L_N30Y,1MHP_H_N30Y,1MHP_B_N30Y,-9.09
1MHP_L_N52D,1MHP_H_N52D,1MHP_B_N52D,-10.5
1MHP_L_N52E1,1MHP_H_N52E1,1MHP_B_N52E1,-12.24
1MHP_L_N52E2,1MHP_H_N52E2,1MHP_B_N52E2,-11.18
1MHP_L_N52K,1MHP_H_N52K,1MHP_B_N52K,-10.34
1MHP_L_N52R,1MHP_H_N52R,1MHP_B_N52R,-10.15
1MHP_L_N52Y1,1MHP_H_N52Y1,1MHP_B_N52Y1,-11.95
1MHP_L_N52Y2,1MHP_H_N52Y2,1MHP_B_N52Y2,-12.04
1MHP_L_N52Y3,1MHP_H_N52Y3,1MHP_B_N52Y3,-12.2
1MHP_L_N52Y4,1MHP_H_N52Y4,1MHP_B_N52Y4,-11.1
1MHP_L_N93D,1MHP_H_N93D,1MHP_B_N93D,-3
1MHP_L_R31Q,1MHP_H_R31Q,1MHP_B_R31Q,-9.69
1MHP_L_S24R,1MHP_H_S24R,1MHP_B_S24R,-11.07
1MHP_L_S28Q1,1MHP_H_S28Q1,1MHP_B_S28Q1,-11.85
1MHP_L_S28Q2,1MHP_H_S28Q2,1MHP_B_S28Q2,-11.69
1MHP_L_S28Q3,1MHP_H_S28Q3,1MHP_B_S28Q3,-11.67
1MHP_L_S35A1,1MHP_H_S35A1,1MHP_B_S35A1,-8.92
1MHP_L_S35A2,1MHP_H_S35A2,1MHP_B_S35A2,-9.42
1MHP_L_S35Q,1MHP_H_S35Q,1MHP_B_S35Q,-8.27
1MHP_L_S35V1,1MHP_H_S35V1,1MHP_B_S35V1,-8.27
1MHP_L_S35V2,1MHP_H_S35V2,1MHP_B_S35V2,-3
1MHP_L_S52M,1MHP_H_S52M,1MHP_B_S52M,-8.92
1MHP_L_S52T,1MHP_H_S52T,1MHP_B_S52T,-3
1MHP_L_S91I,1MHP_H_S91I,1MHP_B_S91I,-10.57
1MHP_L_S91Q,1MHP_H_S91Q,1MHP_B_S91Q,-9.22
1MHP_L_S91R,1MHP_H_S91R,1MHP_B_S91R,-8.27
1MHP_L_S91T,1MHP_H_S91T,1MHP_B_S91T,-8.68
1MHP_L_S91W,1MHP_H_S91W,1MHP_B_S91W,-3
1MHP_L_T33N,1MHP_H_T33N,1MHP_B_T33N,-8.27
1MHP_L_T33V,1MHP_H_T33V,1MHP_B_T33V,-10.57
1MHP_L_T50Q,1MHP_H_T50Q,1MHP_B_T50Q,-3
1MHP_L_W90Q,1MHP_H_W90Q,1MHP_B_W90Q,-8.92
1MHP_L_Y58E,1MHP_H_Y58E,1MHP_B_Y58E,-8.92
1MHP_L_Y58Q,1MHP_H_Y58Q,1MHP_B_Y58Q,-8.92
1MHP_L_Y58W,1MHP_H_Y58W,1MHP_B_Y58W,-10.18
1MHP_L_Y59E,1MHP_H_Y59E,1MHP_B_Y59E,-10.46
1MLC_ACL_N32G,1MLC_BDH_N32G,1MLC_EF_N32G,-10.45
1MLC_ACL_N92A1,1MLC_BDH_N92A1,1MLC_EF_N92A1,-11.34
1MLC_ACL_N92A3,1MLC_BDH_N92A3,1MLC_EF_N92A3,-12.55
1MLC_ACL_N92A4,1MLC_BDH_N92A4,1MLC_EF_N92A4,-7.69
1MLC_ACL_N92A6,1MLC_BDH_N92A6,1MLC_EF_N92A6,-9.8
1MLC_ACL_N92A7,1MLC_BDH_N92A7,1MLC_EF_N92A7,-10.01
1MLC_ACL_N92A9,1MLC_BDH_N92A9,1MLC_EF_N92A9,-12.19
1MLC_ACL_N92A10,1MLC_BDH_N92A10,1MLC_EF_N92A10,-12.34
1MLC_ACL_N92A11,1MLC_BDH_N92A11,1MLC_EF_N92A11,-7.82
1MLC_ACL_N92A12,1MLC_BDH_N92A12,1MLC_EF_N92A12,-7.82
1MLC_ACL_S57A,1MLC_BDH_S57A,1MLC_EF_S57A,-9.98
1MLC_ACL_S57V,1MLC_BDH_S57V,1MLC_EF_S57V,-10.09
1MLC_ACL_S93A,1MLC_BDH_S93A,1MLC_EF_S93A,-11.21
1MLC_ACL_T28D,1MLC_BDH_T28D,1MLC_EF_T28D,-9.75
1MLC_ACL_T31W,1MLC_BDH_T31W,1MLC_EF_T31W,-9.47
1MLC_ACL_T58D1,1MLC_BDH_T58D1,1MLC_EF_T58D1,-10.59
1MLC_ACL_T58D2,1MLC_BDH_T58D2,1MLC_EF_T58D2,-10.16
1T83_A_235D2,EMPTY,1T83_C_235D2,-9.34
1T83_A_235F,EMPTY,1T83_C_235F,-7.99
1T83_A_235I,EMPTY,1T83_C_235I,-8.24
1T83_A_235N,EMPTY,1T83_C_235N,-7.64
1T83_A_235S,EMPTY,1T83_C_235S,-8.31
1T83_A_235T,EMPTY,1T83_C_235T,-7.79
1T83_A_235Y,EMPTY,1T83_C_235Y,-8.28
1T83_A_239D,EMPTY,1T83_C_239D,-9.64
1T83_A_239E,EMPTY,1T83_C_239E,-9.56
1T83_A_239N,EMPTY,1T83_C_239N,-5.86
1T83_A_239T,EMPTY,1T83_C_239T,-8.35
1T83_A_239Y,EMPTY,1T83_C_239Y,-7.25
1T83_A_240A,EMPTY,1T83_C_240A,-7.97
1T83_A_240I1,EMPTY,1T83_C_240I1,-10.16
1T83_A_240I2,EMPTY,1T83_C_240I2,-8.88
1T83_A_240M,EMPTY,1T83_C_240M,-8.61
1T83_A_241L,EMPTY,1T83_C_241L,-7.38
1T83_A_241W,EMPTY,1T83_C_241W,-7.45
1T83_A_243L,EMPTY,1T83_C_243L,-7.78
1T83_A_243W2,EMPTY,1T83_C_243W2,-7.78
1T83_A_244H,EMPTY,1T83_C_244H,-8.07
1T83_A_245A,EMPTY,1T83_C_245A,-7.36
1T83_A_247G,EMPTY,1T83_C_247G,-7.82
1T83_A_247V1,EMPTY,1T83_C_247V1,-8.14
1T83_A_247V2,EMPTY,1T83_C_247V2,-7.8
1T83_A_263I,EMPTY,1T83_C_263I,-6.82
1T83_A_263M,EMPTY,1T83_C_263M,-6.4
1T83_A_263T,EMPTY,1T83_C_263T,-7.68
1T83_A_264A1,EMPTY,1T83_C_264A1,-6.27
1T83_A_264A2,EMPTY,1T83_C_264A2,-7.8
1T83_A_264E,EMPTY,1T83_C_264E,-6.6
1T83_A_264F,EMPTY,1T83_C_264F,-7.09
1T83_A_264I2,EMPTY,1T83_C_264I2,-8.3
1T83_A_264I3,EMPTY,1T83_C_264I3,-8.39
1T83_A_264L,EMPTY,1T83_C_264L,-7.84
1T83_A_264M,EMPTY,1T83_C_264M,-7.38
1T83_A_264R1,EMPTY,1T83_C_264R1,-6.4
1T83_A_264R2,EMPTY,1T83_C_264R2,-6.4
1T83_A_264R3,EMPTY,1T83_C_264R3,-5.86
1T83_A_264T1,EMPTY,1T83_C_264T1,-6.4
1T83_A_264T2,EMPTY,1T83_C_264T2,-9.89
1T83_A_264T3,EMPTY,1T83_C_264T3,-5.86
1T83_A_264W,EMPTY,1T83_C_264W,-5.86
1T83_A_264Y,EMPTY,1T83_C_264Y,-8.19
1T83_A_265G1,EMPTY,1T83_C_265G1,-5.86
1T83_A_265N1,EMPTY,1T83_C_265N1,-5.86
1T83_A_265N2,EMPTY,1T83_C_265N2,-5.86
1T83_A_265Q,EMPTY,1T83_C_265Q,-6.4
1T83_A_266I1,EMPTY,1T83_C_266I1,-8.5
1T83_A_266I2,EMPTY,1T83_C_266I2,-8.55
1T83_A_266M,EMPTY,1T83_C_266M,-7.9
1T83_A_266T,EMPTY,1T83_C_266T,-7.71
1T83_A_269F,EMPTY,1T83_C_269F,-7.09
1T83_A_269L,EMPTY,1T83_C_269L,-5.86
1T83_A_269N,EMPTY,1T83_C_269N,-5.86
1T83_A_269R,EMPTY,1T83_C_269R,-6.4
1T83_A_269T,EMPTY,1T83_C_269T,-5.86
1T83_A_269Y,EMPTY,1T83_C_269Y,-6.92
1T83_A_270H,EMPTY,1T83_C_270H,-5.86
1T83_A_270Q,EMPTY,1T83_C_270Q,-5.86
1T83_A_270T,EMPTY,1T83_C_270T,-5.86
1T83_A_272Y,EMPTY,1T83_C_272Y,-9.46
1T83_A_273I,EMPTY,1T83_C_273I,-8.04
1T83_A_274L,EMPTY,1T83_C_274L,-8.23
1T83_A_274R,EMPTY,1T83_C_274R,-8.38
1T83_A_274T,EMPTY,1T83_C_274T,-8.38
1T83_A_274Y,EMPTY,1T83_C_274Y,-8.22
1T83_A_275W,EMPTY,1T83_C_275W,-8.24
1T83_A_276E,EMPTY,1T83_C_276E,-8.1
1T83_A_276L,EMPTY,1T83_C_276L,-8.22
1T83_A_276R,EMPTY,1T83_C_276R,-7.93
1T83_A_276S,EMPTY,1T83_C_276S,-7.65
1T83_A_276Y,EMPTY,1T83_C_276Y,-7.84
1T83_A_278E,EMPTY,1T83_C_278E,-8.12
1T83_A_278W,EMPTY,1T83_C_278W,-7.65
1T83_A_283R,EMPTY,1T83_C_283R,-7.94
1T83_A_296E,EMPTY,1T83_C_296E,-7.99
1T83_A_296N,EMPTY,1T83_C_296N,-7.45
1T83_A_296S,EMPTY,1T83_C_296S,-6.92
1T83_A_296T,EMPTY,1T83_C_296T,-5.86
1T83_A_297D,EMPTY,1T83_C_297D,-5.86
1T83_A_297S,EMPTY,1T83_C_297S,-5.86
1T83_A_298H,EMPTY,1T83_C_298H,-7.4
1T83_A_298N,EMPTY,1T83_C_298N,-7.65
1T83_A_298T,EMPTY,1T83_C_298T,-8.14
1T83_A_299A,EMPTY,1T83_C_299A,-6.1
1T83_A_299H,EMPTY,1T83_C_299H,-5.86
1T83_A_299I,EMPTY,1T83_C_299I,-5.86
1T83_A_299V,EMPTY,1T83_C_299V,-5.86
1T83_A_302I,EMPTY,1T83_C_302I,-8.19
1T83_A_318R,EMPTY,1T83_C_318R,-8.22
1T83_A_323I,EMPTY,1T83_C_323I,-8.07
1T83_A_324D,EMPTY,1T83_C_324D,-8.22
1T83_A_324I,EMPTY,1T83_C_324I,-8.26
1T83_A_324R,EMPTY,1T83_C_324R,-7.98
1T83_A_324V,EMPTY,1T83_C_324V,-8.27
1T83_A_324Y,EMPTY,1T83_C_324Y,-8.17
1T83_A_325D,EMPTY,1T83_C_325D,-7.65
1T83_A_325E,EMPTY,1T83_C_325E,-5.86
1T83_A_325H,EMPTY,1T83_C_325H,-7.99
1T83_A_325I,EMPTY,1T83_C_325I,-5.86
1T83_A_325L,EMPTY,1T83_C_325L,-5.86
1T83_A_325Q,EMPTY,1T83_C_325Q,-5.86
1T83_A_325T,EMPTY,1T83_C_325T,-8.24
1T83_A_326E1,EMPTY,1T83_C_326E1,-8.98
1T83_A_326E2,EMPTY,1T83_C_326E2,-10.65
1T83_A_326I,EMPTY,1T83_C_326I,-8.39
1T83_A_326T1,EMPTY,1T83_C_326T1,-8.55
1T83_A_326T2,EMPTY,1T83_C_326T2,-10.6
1T83_A_327D,EMPTY,1T83_C_327D,-5.86
1T83_A_327L,EMPTY,1T83_C_327L,-6.4
1T83_A_327N,EMPTY,1T83_C_327N,-7.2
1T83_A_327S1,EMPTY,1T83_C_327S1,-7.31
1T83_A_327S2,EMPTY,1T83_C_327S2,-5.86
1T83_A_327T,EMPTY,1T83_C_327T,-5.86
1T83_A_328A,EMPTY,1T83_C_328A,-7.23
1T83_A_328H,EMPTY,1T83_C_328H,-5.86
1T83_A_328M,EMPTY,1T83_C_328M,-7.25
1T83_A_328N,EMPTY,1T83_C_328N,-7.87
1T83_A_329F,EMPTY,1T83_C_329F,-5.86
1T83_A_330F,EMPTY,1T83_C_330F,-7.88
1T83_A_330H,EMPTY,1T83_C_330H,-7.79
1T83_A_330I2,EMPTY,1T83_C_330I2,-10.6
1T83_A_330L,EMPTY,1T83_C_330L,-7.99
1T83_A_330V,EMPTY,1T83_C_330V,-7.68
1T83_A_330Y1,EMPTY,1T83_C_330Y1,-8.47
1T83_A_332A,EMPTY,1T83_C_332A,-8.11
1T83_A_332D1,EMPTY,1T83_C_332D1,-9.89
1T83_A_332D2,EMPTY,1T83_C_332D2,-9.75
1T83_A_332D4,EMPTY,1T83_C_332D4,-8.85
1T83_A_332D5,EMPTY,1T83_C_332D5,-9.14
1T83_A_332E2,EMPTY,1T83_C_332E2,-9.66
1T83_A_332E3,EMPTY,1T83_C_332E3,-5.86
1T83_A_332E4,EMPTY,1T83_C_332E4,-5.86
1T83_A_332E5,EMPTY,1T83_C_332E5,-5.86
1T83_A_332E6,EMPTY,1T83_C_332E6,-7.2
1T83_A_332E8,EMPTY,1T83_C_332E8,-7.06
1T83_A_332E11,EMPTY,1T83_C_332E11,-7.23
1T83_A_332E12,EMPTY,1T83_C_332E12,-5.86
1T83_A_332E13,EMPTY,1T83_C_332E13,-8.92
1T83_A_332E15,EMPTY,1T83_C_332E15,-8.75
1T83_A_332E16,EMPTY,1T83_C_332E16,-5.86
1T83_A_332E17,EMPTY,1T83_C_332E17,-8.44
1T83_A_332E18,EMPTY,1T83_C_332E18,-7.97
1T83_A_332E19,EMPTY,1T83_C_332E19,-8.24
1T83_A_332E20,EMPTY,1T83_C_332E20,-8.61
1T83_A_332E21,EMPTY,1T83_C_332E21,-7.68
1T83_A_332E22,EMPTY,1T83_C_332E22,-6.68
1T83_A_332E23,EMPTY,1T83_C_332E23,-7.09
1T83_A_332E24,EMPTY,1T83_C_332E24,-5.86
1T83_A_332E25,EMPTY,1T83_C_332E25,-5.86
1T83_A_332E26,EMPTY,1T83_C_332E26,-5.86
1T83_A_332E27,EMPTY,1T83_C_332E27,-5.86
1T83_A_332E28,EMPTY,1T83_C_332E28,-5.86
1T83_A_332E29,EMPTY,1T83_C_332E29,-5.86
1T83_A_332E31,EMPTY,1T83_C_332E31,-5.86
1T83_A_332E32,EMPTY,1T83_C_332E32,-11.1
1T83_A_332E34,EMPTY,1T83_C_332E34,-5.86
1T83_A_332E36,EMPTY,1T83_C_332E36,-5.45
1T83_A_332E37,EMPTY,1T83_C_332E37,-5.86
1T83_A_332E38,EMPTY,1T83_C_332E38,-5.86
1T83_A_332E39,EMPTY,1T83_C_332E39,-6.1
1T83_A_332E40,EMPTY,1T83_C_332E40,-5.86
1T83_A_332E43,EMPTY,1T83_C_332E43,-11.55
1T83_A_332E44,EMPTY,1T83_C_332E44,-10.31
1T83_A_332E45,EMPTY,1T83_C_332E45,-9.22
1T83_A_332E47,EMPTY,1T83_C_332E47,-9.45
1T83_A_332E48,EMPTY,1T83_C_332E48,-9.8
1T83_A_332E49,EMPTY,1T83_C_332E49,-9.7
1T83_A_332E50,EMPTY,1T83_C_332E50,-9.75
1T83_A_332E51,EMPTY,1T83_C_332E51,-9.75
1T83_A_332E52,EMPTY,1T83_C_332E52,-10.24
1T83_A_332E54,EMPTY,1T83_C_332E54,-8.63
1T83_A_332E55,EMPTY,1T83_C_332E55,-10.01
1T83_A_332E56,EMPTY,1T83_C_332E56,-6.4
1T83_A_332E57,EMPTY,1T83_C_332E57,-9.61
1T83_A_332E58,EMPTY,1T83_C_332E58,-9.65
1T83_A_332E59,EMPTY,1T83_C_332E59,-9.68
1T83_A_332E61,EMPTY,1T83_C_332E61,-5.86
1T83_A_332E62,EMPTY,1T83_C_332E62,-5.86
1T83_A_332E63,EMPTY,1T83_C_332E63,-6.27
1T83_A_332E64,EMPTY,1T83_C_332E64,-5.86
1T83_A_332E65,EMPTY,1T83_C_332E65,-5.86
1T83_A_332H,EMPTY,1T83_C_332H,-7.72
1T83_A_332N1,EMPTY,1T83_C_332N1,-7.62
1T83_A_332N2,EMPTY,1T83_C_332N2,-9.35
1T83_A_332N3,EMPTY,1T83_C_332N3,-9.65
1T83_A_332N5,EMPTY,1T83_C_332N5,-7.62
1T83_A_332Q1,EMPTY,1T83_C_332Q1,-7.59
1T83_A_332Q3,EMPTY,1T83_C_332Q3,-8.97
1T83_A_332Q5,EMPTY,1T83_C_332Q5,-7.87
1T83_A_332T,EMPTY,1T83_C_332T,-7.98
1T83_A_332Y,EMPTY,1T83_C_332Y,-8.02
1T83_A_333H,EMPTY,1T83_C_333H,-8.01
1T83_A_334A,EMPTY,1T83_C_334A,-8.74
1T83_A_335D,EMPTY,1T83_C_335D,-8.79
1T83_A_335R,EMPTY,1T83_C_335R,-8.74
1T83_A_335Y,EMPTY,1T83_C_335Y,-8.44
1VFB_AL_100A,1VFB_BH_100A,1VFB_C_100A,-8.57
1VFB_AL_101A,1VFB_BH_101A,1VFB_C_101A,-7.47
1VFB_AL_101F,1VFB_BH_101F,1VFB_C_101F,-9.87
1VFB_AL_116A1,1VFB_BH_116A1,1VFB_C_116A1,-9.87
1VFB_AL_116A2,1VFB_BH_116A2,1VFB_C_116A2,-10.77
1VFB_AL_118A1,1VFB_BH_118A1,1VFB_C_118A1,-10.27
1VFB_AL_119A1,1VFB_BH_119A1,1VFB_C_119A1,-9.27
1VFB_AL_119A3,1VFB_BH_119A3,1VFB_C_119A3,-10.27
1VFB_AL_119A4,1VFB_BH_119A4,1VFB_C_119A4,-10.47
1VFB_AL_120A2,1VFB_BH_120A2,1VFB_C_120A2,-10.57
1VFB_AL_121A3,1VFB_BH_121A3,1VFB_C_121A3,-8.57
1VFB_AL_124A2,1VFB_BH_124A2,1VFB_C_124A2,-8.57
1VFB_AL_125A1,1VFB_BH_125A1,1VFB_C_125A1,-8.07
1VFB_AL_125A2,1VFB_BH_125A2,1VFB_C_125A2,-9.67
1VFB_AL_129A1,1VFB_BH_129A1,1VFB_C_129A1,-8.17
1VFB_AL_129A2,1VFB_BH_129A2,1VFB_C_129A2,-11.27
1VFB_AL_D18A1,1VFB_BH_D18A1,1VFB_C_D18A1,-10.17
1VFB_AL_D18A2,1VFB_BH_D18A2,1VFB_C_D18A2,-11.17
1VFB_AL_D54A,1VFB_BH_D54A,1VFB_C_D54A,-10.47
1VFB_AL_D58E,1VFB_BH_D58E,1VFB_C_D58E,-11.39
1VFB_AL_D58N,1VFB_BH_D58N,1VFB_C_D58N,-11.6
1VFB_AL_G31A,1VFB_BH_G31A,1VFB_C_G31A,-11.17
1VFB_AL_G31E,1VFB_BH_G31E,1VFB_C_G31E,-11.98
1VFB_AL_L46D,1VFB_BH_L46D,1VFB_C_L46D,-3.47
1VFB_AL_N31W,1VFB_BH_N31W,1VFB_C_N31W,-11.3
1VFB_AL_R99W,1VFB_BH_R99W,1VFB_C_R99W,-10.76
1VFB_AL_R99Y,1VFB_BH_R99Y,1VFB_C_R99Y,-10.21
1VFB_AL_S24A1,1VFB_BH_S24A1,1VFB_C_S24A1,-8.07
1VFB_AL_S24A2,1VFB_BH_S24A2,1VFB_C_S24A2,-10.67
1VFB_AL_S28E,1VFB_BH_S28E,1VFB_C_S28E,-11.57
1VFB_AL_S28N,1VFB_BH_S28N,1VFB_C_S28N,-11.32
1VFB_AL_S28Q,1VFB_BH_S28Q,1VFB_C_S28Q,-11.39
1VFB_AL_T52F,1VFB_BH_T52F,1VFB_C_T52F,-11
1VFB_AL_T53R,1VFB_BH_T53R,1VFB_C_T53R,-9.8
1VFB_AL_W52A,1VFB_BH_W52A,1VFB_C_W52A,-10.57
1VFB_AL_Y32A2,1VFB_BH_Y32A2,1VFB_C_Y32A2,-9.77
1VFB_AL_Y32W,1VFB_BH_Y32W,1VFB_C_Y32W,-3.47
1VFB_AL_Y50A,1VFB_BH_Y50A,1VFB_C_Y50A,-10.97
1VFB_AL_Y50K,1VFB_BH_Y50K,1VFB_C_Y50K,-9.8
1VFB_AL_Y50R,1VFB_BH_Y50R,1VFB_C_Y50R,-10.62
1YY9_L_N56A,1YY9_H_N56A,1YY9_A_N56A,-11.84
1YY9_L_N93A1,1YY9_H_N93A1,1YY9_A_N93A1,-13.11
1YY9_L_N93A2,1YY9_H_N93A2,1YY9_A_N93A2,-12.6
1YY9_L_N93A3,1YY9_H_N93A3,1YY9_A_N93A3,-12.52
1YY9_L_S26D,1YY9_H_S26D,1YY9_A_S26D,-11.98
1YY9_L_T31E,1YY9_H_T31E,1YY9_A_T31E,-12.3
2JEL_L_F2W,2JEL_H_F2W,2JEL_P_F2W,-8.85
2JEL_L_F2Y,2JEL_H_F2Y,2JEL_P_F2Y,-11.49
2JEL_L_Q3K,2JEL_H_Q3K,2JEL_P_Q3K,-7.36
2JEL_L_Q4K,2JEL_H_Q4K,2JEL_P_Q4K,-10.11
2JEL_L_T7N,2JEL_H_T7N,2JEL_P_T7N,-11.08
2JEL_L_T7S,2JEL_H_T7S,2JEL_P_T7S,-11.49
2JEL_L_V6F,2JEL_H_V6F,2JEL_P_V6F,-11.49
2JEL_L_A82S,2JEL_H_A82S,2JEL_P_A82S,-11.49
2JEL_L_D69E,2JEL_H_D69E,2JEL_P_D69E,-10.53
2JEL_L_E66K,2JEL_H_E66K,2JEL_P_E66K,-7.36
2JEL_L_E68A,2JEL_H_E68A,2JEL_P_E68A,-11.08
2JEL_L_E70K,2JEL_H_E70K,2JEL_P_E70K,-7.36
2JEL_L_E75R,2JEL_H_E75R,2JEL_P_E75R,-8.74
2JEL_L_E83A,2JEL_H_E83A,2JEL_P_E83A,-11.49
2JEL_L_E85A,2JEL_H_E85A,2JEL_P_E85A,-11.49
2JEL_L_E85D,2JEL_H_E85D,2JEL_P_E85D,-11.49
2JEL_L_E85K,2JEL_H_E85K,2JEL_P_E85K,-11.49
2JEL_L_E85Q,2JEL_H_E85Q,2JEL_P_E85Q,-11.49
2JEL_L_H76A,2JEL_H_H76A,2JEL_P_H76A,-11.9
2JEL_L_H76D,2JEL_H_H76D,2JEL_P_H76D,-12.15
2JEL_L_K27E,2JEL_H_K27E,2JEL_P_K27E,-11.49
2JEL_L_K72E,2JEL_H_K72E,2JEL_P_K72E,-11.08
2JEL_L_K72R,2JEL_H_K72R,2JEL_P_K72R,-11.49
2JEL_L_K79E,2JEL_H_K79E,2JEL_P_K79E,-11.08
2JEL_L_N12D,2JEL_H_N12D,2JEL_P_N12D,-11.49
2JEL_L_N38T,2JEL_H_N38T,2JEL_P_N38T,-11.49
2JEL_L_P11E,2JEL_H_P11E,2JEL_P_P11E,-11.49
2JEL_L_Q57E,2JEL_H_Q57E,2JEL_P_Q57E,-11.9
2JEL_L_Q71E,2JEL_H_Q71E,2JEL_P_Q71E,-8.74
2JEL_L_R17G,2JEL_H_R17G,2JEL_P_R17G,-11.49
2JEL_L_S41C,2JEL_H_S41C,2JEL_P_S41C,-9.98
2JEL_L_S43C,2JEL_H_S43C,2JEL_P_S43C,-11.49
2JEL_L_S46C,2JEL_H_S46C,2JEL_P_S46C,-11.49
2JEL_L_S64T,2JEL_H_S64T,2JEL_P_S64T,-7.36
2JEL_L_T34Q,2JEL_H_T34Q,2JEL_P_T34Q,-11.49
2JEL_L_T36Q,2JEL_H_T36Q,2JEL_P_T36Q,-11.08
2JEL_L_T62N,2JEL_H_T62N,2JEL_P_T62N,-11.49
2NY7_CL_00eF2,2NY7_BH_00eF2,2NY7_AG_00eF2,-11.75
2NY7_CL_00eF3,2NY7_BH_00eF3,2NY7_AG_00eF3,-12.26
2NY7_CL_00eY1,2NY7_BH_00eY1,2NY7_AG_00eY1,-10.88
2NY7_CL_00eY4,2NY7_BH_00eY4,2NY7_AG_00eY4,-12.41
2NY7_CL_H35M,2NY7_BH_H35M,2NY7_AG_H35M,-10.71
2NY7_CL_I34L,2NY7_BH_I34L,2NY7_AG_I34L,-10.83
2NY7_CL_I34V1,2NY7_BH_I34V1,2NY7_AG_I34V1,-10.95
2NY7_CL_I34V2,2NY7_BH_I34V2,2NY7_AG_I34V2,-11.39
2NY7_CL_R31A,2NY7_BH_R31A,2NY7_AG_R31A,-11.44
2NY7_CL_R31D,2NY7_BH_R31D,2NY7_AG_R31D,-11.17
2NY7_CL_R31S,2NY7_BH_R31S,2NY7_AG_R31S,-12.14
2NY7_CL_S30G,2NY7_BH_S30G,2NY7_AG_S30G,-10.3
2NY7_CL_S94G,2NY7_BH_S94G,2NY7_AG_S94G,-12.79
2NY7_CL_S95A,2NY7_BH_S95A,2NY7_AG_S95A,-10.52
2NY7_CL_S95D1,2NY7_BH_S95D1,2NY7_AG_S95D1,-10.38
2NY7_CL_S95D2,2NY7_BH_S95D2,2NY7_AG_S95D2,-11.66
2NY7_CL_S95F1,2NY7_BH_S95F1,2NY7_AG_S95F1,-12.14
2NY7_CL_S95F2,2NY7_BH_S95F2,2NY7_AG_S95F2,-12.41
2NY7_CL_S95G,2NY7_BH_S95G,2NY7_AG_S95G,-11.7
2NY7_CL_S95H,2NY7_BH_S95H,2NY7_AG_S95H,-12.85
2NY7_CL_S95I,2NY7_BH_S95I,2NY7_AG_S95I,-12.45
2NY7_CL_S95L,2NY7_BH_S95L,2NY7_AG_S95L,-11.75
2NY7_CL_S95N,2NY7_BH_S95N,2NY7_AG_S95N,-11.75
2NY7_CL_S95Q,2NY7_BH_S95Q,2NY7_AG_S95Q,-11.61
2NY7_CL_S95T1,2NY7_BH_S95T1,2NY7_AG_S95T1,-12.07
2NY7_CL_S95V,2NY7_BH_S95V,2NY7_AG_S95V,-11.12
2NY7_CL_S99G,2NY7_BH_S99G,2NY7_AG_S99G,-11.37
2NYY_L_056A,2NYY_H_056A,2NYY_A_056A,-15.75
2NYY_L_061A,2NYY_H_061A,2NYY_A_061A,-14.9
2NYY_L_062A,2NYY_H_062A,2NYY_A_062A,-13.19
2NYY_L_063A,2NYY_H_063A,2NYY_A_063A,-14.1
2NYY_L_064A,2NYY_H_064A,2NYY_A_064A,-8.4
2NYY_L_902A,2NYY_H_902A,2NYY_A_902A,-15.95
2NYY_L_903A,2NYY_H_903A,2NYY_A_903A,-15.43
2NYY_L_915A,2NYY_H_915A,2NYY_A_915A,-15.2
2NYY_L_918A,2NYY_H_918A,2NYY_A_918A,-14.83
2NYY_L_919A,2NYY_H_919A,2NYY_A_919A,-13.13
2NYY_L_920A,2NYY_H_920A,2NYY_A_920A,-12.88
2NYY_L_953A,2NYY_H_953A,2NYY_A_953A,-11.66
2NYY_L_956A,2NYY_H_956A,2NYY_A_956A,-15.73
2NYY_L_D30Y,2NYY_H_D30Y,2NYY_A_D30Y,-15.07
2NYY_L_K30R,2NYY_H_K30R,2NYY_A_K30R,-15.65
2NYY_L_M34Q,2NYY_H_M34Q,2NYY_A_M34Q,-15.78
2NYY_L_S28Q,2NYY_H_S28Q,2NYY_A_S28Q,-15.3
2NYY_L_S31N,2NYY_H_S31N,2NYY_A_S31N,-16.08
2NYY_L_Y31D,2NYY_H_Y31D,2NYY_A_Y31D,-15.65
2NYY_L_Y31Q,2NYY_H_Y31Q,2NYY_A_Y31Q,-15.59
2NYY_L_056A,2NYY_H_056A,2NYY_A_056A,-15.13
2NYY_L_058A,2NYY_H_058A,2NYY_A_058A,-15.15
2NYY_L_061A,2NYY_H_061A,2NYY_A_061A,-14.83
2NYY_L_062A,2NYY_H_062A,2NYY_A_062A,-12.78
2NYY_L_063A,2NYY_H_063A,2NYY_A_063A,-12.75
2NYY_L_294A,2NYY_H_294A,2NYY_A_294A,-14.73
2NYY_L_902A,2NYY_H_902A,2NYY_A_902A,-15.24
2NYY_L_903A,2NYY_H_903A,2NYY_A_903A,-14.58
2NYY_L_915A,2NYY_H_915A,2NYY_A_915A,-15.02
2NYY_L_917A,2NYY_H_917A,2NYY_A_917A,-15.17
2NYY_L_920A,2NYY_H_920A,2NYY_A_920A,-12.35
2NYY_L_923A,2NYY_H_923A,2NYY_A_923A,-15.42
2NYY_L_953A,2NYY_H_953A,2NYY_A_953A,-11.78
2NYY_L_954A,2NYY_H_954A,2NYY_A_954A,-15.27
2NYY_L_956A,2NYY_H_956A,2NYY_A_956A,-15.05
3bdy_L_00aA,3bdy_H_00aA,3bdy_V_00aA,-8.39
3bdy_L_100A,3bdy_H_100A,3bdy_V_100A,-8.19
3bdy_L_27aA,3bdy_H_27aA,3bdy_V_27aA,-8.89
3bdy_L_27bA,3bdy_H_27bA,3bdy_V_27bA,-7.79
3bdy_L_27cA,3bdy_H_27cA,3bdy_V_27cA,-8.69
3bdy_L_27dA,3bdy_H_27dA,3bdy_V_27dA,-9.09
3bdy_L_D31A,3bdy_H_D31A,3bdy_V_D31A,-8.69
3bdy_L_D98A,3bdy_H_D98A,3bdy_V_D98A,-8.89
3bdy_L_G31A,3bdy_H_G31A,3bdy_V_G31A,-7.69
3bdy_L_G51A,3bdy_H_G51A,3bdy_V_G51A,-7.89
3bdy_L_G96A,3bdy_H_G96A,3bdy_V_G96A,-8.69
3bdy_L_G99A,3bdy_H_G99A,3bdy_V_G99A,-8.09
3bdy_L_H91A,3bdy_H_H91A,3bdy_V_H91A,-6.89
3bdy_L_K30A,3bdy_H_K30A,3bdy_V_K30A,-8.69
3bdy_L_N54A,3bdy_H_N54A,3bdy_V_N54A,-9.09
3bdy_L_R58A,3bdy_H_R58A,3bdy_V_R58A,-9.09
3bdy_L_S28A,3bdy_H_S28A,3bdy_V_S28A,-7.89
3bdy_L_S30A,3bdy_H_S30A,3bdy_V_S30A,-7.59
3bdy_L_T32A,3bdy_H_T32A,3bdy_V_T32A,-9.29
3bdy_L_T53A,3bdy_H_T53A,3bdy_V_T53A,-9.39
3bdy_L_W50A,3bdy_H_W50A,3bdy_V_W50A,-7.59
3bdy_L_W95A,3bdy_H_W95A,3bdy_V_W95A,-6.89
3bdy_L_Y32A,3bdy_H_Y32A,3bdy_V_Y32A,-7.19
3bdy_L_Y33A,3bdy_H_Y33A,3bdy_V_Y33A,-8.59
3bdy_L_Y52A,3bdy_H_Y52A,3bdy_V_Y52A,-8.49
3bdy_L_Y56A,3bdy_H_Y56A,3bdy_V_Y56A,-8.69
3bdy_L_Y92A,3bdy_H_Y92A,3bdy_V_Y92A,-7.49
3be1_L_00aA,3be1_H_00aA,3be1_A_00aA,-9.14
3be1_L_100A,3be1_H_100A,3be1_A_100A,-8.44
3be1_L_27aA,3be1_H_27aA,3be1_A_27aA,-10.34
3be1_L_27bA,3be1_H_27bA,3be1_A_27bA,-10.54
3be1_L_27cA,3be1_H_27cA,3be1_A_27cA,-10.24
3be1_L_D31A,3be1_H_D31A,3be1_A_D31A,-9.94
3be1_L_D98A,3be1_H_D98A,3be1_A_D98A,-10.44
3be1_L_G31A,3be1_H_G31A,3be1_A_G31A,-10.04
3be1_L_G51A,3be1_H_G51A,3be1_A_G51A,-10.64
3be1_L_G97A,3be1_H_G97A,3be1_A_G97A,-10.04
3be1_L_G99A,3be1_H_G99A,3be1_A_G99A,-8.54
3be1_L_H91A,3be1_H_H91A,3be1_A_H91A,-9.44
3be1_L_I29A,3be1_H_I29A,3be1_A_I29A,-9.44
3be1_L_K30A,3be1_H_K30A,3be1_A_K30A,-10.64
3be1_L_N54A,3be1_H_N54A,3be1_A_N54A,-11.14
3be1_L_R50A,3be1_H_R50A,3be1_A_R50A,-7.94
3be1_L_R58A,3be1_H_R58A,3be1_A_R58A,-7.84
3be1_L_S30A,3be1_H_S30A,3be1_A_S30A,-10.54
3be1_L_S52A,3be1_H_S52A,3be1_A_S52A,-10.04
3be1_L_T32A,3be1_H_T32A,3be1_A_T32A,-10.74
3be1_L_T53A,3be1_H_T53A,3be1_A_T53A,-10.24
3be1_L_T93A,3be1_H_T93A,3be1_A_T93A,-10.74
3be1_L_T94A,3be1_H_T94A,3be1_A_T94A,-8.94
3be1_L_W50A,3be1_H_W50A,3be1_A_W50A,-8.94
3be1_L_Y32A,3be1_H_Y32A,3be1_A_Y32A,-11.14
3be1_L_Y33A,3be1_H_Y33A,3be1_A_Y33A,-7.94
3be1_L_Y52A,3be1_H_Y52A,3be1_A_Y52A,-11.14
3be1_L_Y53A,3be1_H_Y53A,3be1_A_Y53A,-9.44
3be1_L_Y56A,3be1_H_Y56A,3be1_A_Y56A,-8.54
3be1_L_Y92A,3be1_H_Y92A,3be1_A_Y92A,-9.84
3BN9_L_00aV,3BN9_H_00aV,3BN9_A_00aV,-13.52
3BN9_L_143A,3BN9_H_143A,3BN9_A_143A,-14.79
3BN9_L_145A,3BN9_H_145A,3BN9_A_145A,-14.75
3BN9_L_150A,3BN9_H_150A,3BN9_A_150A,-14.59
3BN9_L_169A,3BN9_H_169A,3BN9_A_169A,-14.51
3BN9_L_174A,3BN9_H_174A,3BN9_A_174A,-14.91
3BN9_L_217A,3BN9_H_217A,3BN9_A_217A,-14.31
3BN9_L_21aA,3BN9_H_21aA,3BN9_A_21aA,-14.17
3BN9_L_222A,3BN9_H_222A,3BN9_A_222A,-14.97
3BN9_L_60aA,3BN9_H_60aA,3BN9_A_60aA,-14.46
3BN9_L_60bA,3BN9_H_60bA,3BN9_A_60bA,-14.57
3BN9_L_60eA,3BN9_H_60eA,3BN9_A_60eA,-14.93
3BN9_L_60fA,3BN9_H_60fA,3BN9_A_60fA,-14.95
3BN9_L_60gA,3BN9_H_60gA,3BN9_A_60gA,-14.86
3BN9_L_D96A,3BN9_H_D96A,3BN9_A_D96A,-8.18
3BN9_L_F94A,3BN9_H_F94A,3BN9_A_F94A,-14.24
3BN9_L_F97A,3BN9_H_F97A,3BN9_A_F97A,-8.18
3BN9_L_I41A,3BN9_H_I41A,3BN9_A_I41A,-14.88
3BN9_L_I60A,3BN9_H_I60A,3BN9_A_I60A,-14.04
3BN9_L_N95A,3BN9_H_N95A,3BN9_A_N95A,-14.11
3BN9_L_Q38A,3BN9_H_Q38A,3BN9_A_Q38A,-15.3
3BN9_L_S30N,3BN9_H_S30N,3BN9_A_S30N,-13.52
3BN9_L_T28R,3BN9_H_T28R,3BN9_A_T28R,-14.58
3BN9_L_T98R,3BN9_H_T98R,3BN9_A_T98R,-14.94
3HFM_L_D32A,3HFM_H_D32A,3HFM_YC_D32A,-12.45
3HFM_L_D32N,3HFM_H_D32N,3HFM_YC_D32N,-14.18
3HFM_L_K96A1,3HFM_H_K96A1,3HFM_YC_K96A1,-6.35
3HFM_L_K96A2,3HFM_H_K96A2,3HFM_YC_K96A2,-6.35
3HFM_L_K96A3,3HFM_H_K96A3,3HFM_YC_K96A3,-6.35
3HFM_L_K96A4,3HFM_H_K96A4,3HFM_YC_K96A4,-6.35
3HFM_L_K96A6,3HFM_H_K96A6,3HFM_YC_K96A6,-6.35
3HFM_L_K96A7,3HFM_H_K96A7,3HFM_YC_K96A7,-7.52
3HFM_L_K97A1,3HFM_H_K97A1,3HFM_YC_K97A1,-6.35
3HFM_L_K97A2,3HFM_H_K97A2,3HFM_YC_K97A2,-6.35
3HFM_L_K97A3,3HFM_H_K97A3,3HFM_YC_K97A3,-9.75
3HFM_L_K97A6,3HFM_H_K97A6,3HFM_YC_K97A6,-6.35
3HFM_L_K97A7,3HFM_H_K97A7,3HFM_YC_K97A7,-6.35
3HFM_L_K97A8,3HFM_H_K97A8,3HFM_YC_K97A8,-8.17
3HFM_L_K97M1,3HFM_H_K97M1,3HFM_YC_K97M1,-13.23
3HFM_L_K97M2,3HFM_H_K97M2,3HFM_YC_K97M2,-14.05
3HFM_L_K97M3,3HFM_H_K97M3,3HFM_YC_K97M3,-13.26
3HFM_L_N31A,3HFM_H_N31A,3HFM_YC_N31A,-9.13
3HFM_L_N31D,3HFM_H_N31D,3HFM_YC_N31D,-13.01
3HFM_L_N31E,3HFM_H_N31E,3HFM_YC_N31E,-8.68
3HFM_L_N32A,3HFM_H_N32A,3HFM_YC_N32A,-9.24
3HFM_L_Q53A,3HFM_H_Q53A,3HFM_YC_Q53A,-13.4
3HFM_L_R21A1,3HFM_H_R21A1,3HFM_YC_R21A1,-6.35
3HFM_L_R21A2,3HFM_H_R21A2,3HFM_YC_R21A2,-7.93
3HFM_L_R21A3,3HFM_H_R21A3,3HFM_YC_R21A3,-10.02
3HFM_L_R21A4,3HFM_H_R21A4,3HFM_YC_R21A4,-8.59
3HFM_L_R21A5,3HFM_H_R21A5,3HFM_YC_R21A5,-10.16
3HFM_L_R21A6,3HFM_H_R21A6,3HFM_YC_R21A6,-13.32
3HFM_L_Y20A1,3HFM_H_Y20A1,3HFM_YC_Y20A1,-6.35
3HFM_L_Y20A2,3HFM_H_Y20A2,3HFM_YC_Y20A2,-8.17
3HFM_L_Y20A3,3HFM_H_Y20A3,3HFM_YC_Y20A3,-6.35
3HFM_L_Y20A6,3HFM_H_Y20A6,3HFM_YC_Y20A6,-8.17
3HFM_L_Y20A7,3HFM_H_Y20A7,3HFM_YC_Y20A7,-9.48
3HFM_L_Y33A,3HFM_H_Y33A,3HFM_YC_Y33A,-8.35
3HFM_L_Y50A1,3HFM_H_Y50A1,3HFM_YC_Y50A1,-6.35
3HFM_L_Y50A2,3HFM_H_Y50A2,3HFM_YC_Y50A2,-9.78
3HFM_L_Y50F,3HFM_H_Y50F,3HFM_YC_Y50F,-11.99
3HFM_L_Y50L,3HFM_H_Y50L,3HFM_YC_Y50L,-9.95
3HFM_L_Y96A,3HFM_H_Y96A,3HFM_YC_Y96A,-11.64
3HFM_L_Y96F,3HFM_H_Y96F,3HFM_YC_Y96F,-12.95
3K2M_CD_E52A,EMPTY,3K2M_AB_E52A,-8.62
3K2M_CD_M88A,EMPTY,3K2M_AB_M88A,-7.12
3K2M_CD_W80A,EMPTY,3K2M_AB_W80A,-7.12
3K2M_CD_Y36A,EMPTY,3K2M_AB_Y36A,-7.42
3K2M_CD_Y87A,EMPTY,3K2M_AB_Y87A,-7.12
3NGB_L_A56G,3NGB_H_A56G,3NGB_ADGJI_A56G,-10.94
3NGB_L_C98A,3NGB_H_C98A,3NGB_ADGJI_C98A,-10.62
3NGB_L_I30T,3NGB_H_I30T,3NGB_ADGJI_I30T,-10.8
3NGB_L_K52N,3NGB_H_K52N,3NGB_ADGJI_K52N,-10.7
3NGB_L_P62K,3NGB_H_P62K,3NGB_ADGJI_P62K,-10.65
3NGB_L_R53N,3NGB_H_R53N,3NGB_ADGJI_R53N,-10.83
3NGB_L_R61Q,3NGB_H_R61Q,3NGB_ADGJI_R61Q,-10.78
3NGB_L_V57T,3NGB_H_V57T,3NGB_ADGJI_V57T,-10.74
3NGB_L_V73T2,3NGB_H_V73T2,3NGB_ADGJI_V73T2,-10.72
3NGB_L_Y28S,3NGB_H_Y28S,3NGB_ADGJI_Y28S,-10.01
3NGB_L_Y74S1,3NGB_H_Y74S1,3NGB_ADGJI_Y74S1,-8.97
3NGB_L_Y74S2,3NGB_H_Y74S2,3NGB_ADGJI_Y74S2,-10.55
3NPS_C_138A,3NPS_B_138A,3NPS_A_138A,-11.95
3NPS_C_140A,3NPS_B_140A,3NPS_A_140A,-13.54
3NPS_C_144A,3NPS_B_144A,3NPS_A_144A,-13.66
3NPS_C_147A,3NPS_B_147A,3NPS_A_147A,-13.54
3NPS_C_168A,3NPS_B_168A,3NPS_A_168A,-13.9
3NPS_C_214A,3NPS_B_214A,3NPS_A_214A,-12.36
3NPS_C_218A,3NPS_B_218A,3NPS_A_218A,-13.88
3NPS_C_219A,3NPS_B_219A,3NPS_A_219A,-13.92
3NPS_C_D46A,3NPS_B_D46A,3NPS_A_D46A,-13.5
3NPS_C_D47A,3NPS_B_D47A,3NPS_A_D47A,-12.76
3NPS_C_F50A,3NPS_B_F50A,3NPS_A_F50A,-13.62
3NPS_C_F89A,3NPS_B_F89A,3NPS_A_F89A,-12.23
3NPS_C_I45A,3NPS_B_I45A,3NPS_A_I45A,-14.18
3NPS_C_R48A,3NPS_B_R48A,3NPS_A_R48A,-14.91
3NPS_C_R51A,3NPS_B_R51A,3NPS_A_R51A,-13.7
3NPS_C_Y52A,3NPS_B_Y52A,3NPS_A_Y52A,-13.38
1KTZ_A_hw_110A,EMPTY,1KTZ_B_hw_110A,-8.83
1KTZ_A_hw_118A,EMPTY,1KTZ_B_hw_118A,-8.93
1KTZ_A_hw_119A,EMPTY,1KTZ_B_hw_119A,-8.23
1KTZ_A_hw_119Q,EMPTY,1KTZ_B_hw_119Q,-8.13
1KTZ_A_hw_125A,EMPTY,1KTZ_B_hw_125A,-9.23
1KTZ_A_hw_D32A,EMPTY,1KTZ_B_hw_D32A,-8.23
1KTZ_A_hw_E55A,EMPTY,1KTZ_B_hw_E55A,-8.53
1KTZ_A_hw_F30A,EMPTY,1KTZ_B_hw_F30A,-6.73
1KTZ_A_hw_H79A,EMPTY,1KTZ_B_hw_H79A,-9.43
1KTZ_A_hw_I50A,EMPTY,1KTZ_B_hw_I50A,-7.83
1KTZ_A_hw_I53A,EMPTY,1KTZ_B_hw_I53A,-8.33
1KTZ_A_hw_L27A,EMPTY,1KTZ_B_hw_L27A,-7.93
1KTZ_A_hw_N47A,EMPTY,1KTZ_B_hw_N47A,-9.43
1KTZ_A_hw_S49A,EMPTY,1KTZ_B_hw_S49A,-9.43
1KTZ_A_hw_S52A,EMPTY,1KTZ_B_hw_S52A,-9.53
1KTZ_A_hw_S52L,EMPTY,1KTZ_B_hw_S52L,-5.73
1KTZ_A_hw_T51A,EMPTY,1KTZ_B_hw_T51A,-8.23
1KTZ_A_hw_V62A,EMPTY,1KTZ_B_hw_V62A,-9.03
1YY9_L_hw_100Y,1YY9_H_hw_100Y,1YY9_A_hw_100Y,-12.23
1YY9_L_hw_A98W,1YY9_H_hw_A98W,1YY9_A_hw_A98W,-12.01
1YY9_L_hw_I51G,1YY9_H_hw_I51G,1YY9_A_hw_I51G,-12.29
1YY9_L_hw_Q27Y,1YY9_H_hw_Q27Y,1YY9_A_hw_Q27Y,-12.61
1YY9_L_hw_R97D,1YY9_H_hw_R97D,1YY9_A_hw_R97D,-12.77
1YY9_L_hw_T57P,1YY9_H_hw_T57P,1YY9_A_hw_T57P,-12.26
1YY9_L_hw_T97C,1YY9_H_hw_T97C,1YY9_A_hw_T97C,-12.29
1YY9_L_hw_T97D,1YY9_H_hw_T97D,1YY9_A_hw_T97D,-12.44
1YY9_L_hw_V50Q,1YY9_H_hw_V50Q,1YY9_A_hw_V50Q,-12.42
1YY9_L_hw_Y32R,1YY9_H_hw_Y32R,1YY9_A_hw_Y32R,-11.91
1AK4_AB_488V,EMPTY,1AK4_CD_488V,-7.47
1BJ1_L_H90A,1BJ1_H_H90A,1BJ1_VW_H90A,-11.55
1DQJ_L_D32A,1DQJ_H_D32A,1DQJ_C_D32A,-9.45
1DVF_A_D52A1,1DVF_B_D52A1,1DVF_C_D52A1,-6.5
1FFW_AC_A90V,EMPTY,1FFW_BD_A90V,-7.98
1KTZ_B_E55A,EMPTY,1KTZ_A_E55A,-8.43
1MHP_L_H56N2,1MHP_H_H56N2,1MHP_B_H56N2,-3
1MHP_L_T33Q,1MHP_H_T33Q,1MHP_B_T33Q,-3
1MLC_ACL_N92A13,1MLC_BDH_N92A13,1MLC_EF_N92A13,-9.19
1T83_A_239H,EMPTY,1T83_C_239H,-7.23
1T83_A_264I1,EMPTY,1T83_C_264I1,-6.75
1T83_A_330R,EMPTY,1T83_C_330R,-5.86
1VFB_AL_121A2,1VFB_BH_121A2,1VFB_C_121A2,-8.87
1YY9_L_T61E2,1YY9_H_T61E2,1YY9_A_T61E2,-11.84
2JEL_L_E70A,2JEL_H_E70A,2JEL_P_E70A,-8.74
2NYY_L_918A,2NYY_H_918A,2NYY_A_918A,-12.96
3bdy_L_S52A,3bdy_H_S52A,3bdy_V_S52A,-8.79
3BN9_L_Y99S,3BN9_H_Y99S,3BN9_A_Y99S,-14.47
3HFM_L_Y20A5,3HFM_H_Y20A5,3HFM_YC_Y20A5,-6.35
3NGB_L_G54S,3NGB_H_G54S,3NGB_ADGJI_G54S,-10.15
3BN9_L_224A,3BN9_H_224A,3BN9_A_224A,-14.09
1AK4_AB_487Q,EMPTY,1AK4_CD_487Q,-7.27
1BJ1_L_H86A,1BJ1_H_H86A,1BJ1_VW_H86A,-11.55
1MLC_ACL_N92A15,1MLC_BDH_N92A15,1MLC_EF_N92A15,-10.85
1T83_A_328F,EMPTY,1T83_C_328F,-7.33
1VFB_AL_118A2,1VFB_BH_118A2,1VFB_C_118A2,-10.67
1JTG_BD_234A1,EMPTY,1JTG_AC_234A1,-12.23
3be1_L_G96A,3be1_H_G96A,3be1_A_G96A,-10.24
1T83_A_235V,EMPTY,1T83_C_235V,-7.75
3bdy_L_Y53A,3bdy_H_Y53A,3bdy_V_Y53A,-8.19
1T83_A_235H,EMPTY,1T83_C_235H,-7.65
1MLC_ACL_K65D,1MLC_BDH_K65D,1MLC_EF_K65D,-9.58
1MHP_L_S91K,1MHP_H_S91K,1MHP_B_S91K,-3
1YY9_L_hw_G30Y,1YY9_H_hw_G30Y,1YY9_A_hw_G30Y,-12.7
1MHP_L_H56N1,1MHP_H_H56N1,1MHP_B_H56N1,-3
1T83_A_265G2,EMPTY,1T83_C_265G2,-5.86
1T83_A_296Q,EMPTY,1T83_C_296Q,-7.79
3BN9_L_60cA,3BN9_H_60cA,3BN9_A_60cA,-14.93
1T83_A_299S,EMPTY,1T83_C_299S,-7.06
3BN9_L_175A,3BN9_H_175A,3BN9_A_175A,-12.37
3BN9_L_100H,3BN9_H_100H,3BN9_A_100H,-6.88
2NYY_L_294A,2NYY_H_294A,2NYY_A_294A,-15.42
1T83_A_332E33,EMPTY,1T83_C_332E33,-11.06
3HFM_L_K97A5,3HFM_H_K97A5,3HFM_YC_K97A5,-7.52
2NYY_L_917A,2NYY_H_917A,2NYY_A_917A,-15.3
1T83_A_278T,EMPTY,1T83_C_278T,-8.55
1T83_A_332Q4,EMPTY,1T83_C_332Q4,-7.84
1YY9_L_hw_V50L,1YY9_H_hw_V50L,1YY9_A_hw_V50L,-12.38
1MLC_ACL_N92A8,1MLC_BDH_N92A8,1MLC_EF_N92A8,-11.07
1DQJ_L_R21A1,1DQJ_H_R21A1,1DQJ_C_R21A1,-8.25
1VFB_AL_S28D,1VFB_BH_S28D,1VFB_C_S28D,-11.47
1MHP_L_T50V,1MHP_H_T50V,1MHP_B_T50V,-11.26
1MHP_L_H31W,1MHP_H_H31W,1MHP_B_H31W,-9.74
1MHP_L_L49F,1MHP_H_L49F,1MHP_B_L49F,-10.29
1KTZ_A_hw_112A,EMPTY,1KTZ_B_hw_112A,-8.83
1VFB_AL_L46E,1VFB_BH_L46E,1VFB_C_L46E,-3.47
1MHP_L_G53W1,1MHP_H_G53W1,1MHP_B_G53W1,-3
1MHP_L_G54T,1MHP_H_G54T,1MHP_B_G54T,-9.83
3HFM_L_K97A4,3HFM_H_K97A4,3HFM_YC_K97A4,-9.46
1T83_A_332N4,EMPTY,1T83_C_332N4,-7.68
1DQJ_L_W63A1,1DQJ_H_W63A1,1DQJ_C_W63A1,-9.25
1CZ8_L_M81A,1CZ8_H_M81A,1CZ8_WV_M81A,-10.02
1MLC_ACL_N92A5,1MLC_BDH_N92A5,1MLC_EF_N92A5,-11.96
1T83_A_296D,EMPTY,1T83_C_296D,-7.9
1T83_A_332E14,EMPTY,1T83_C_332E14,-9.34
1T83_A_328E,EMPTY,1T83_C_328E,-6.92
3bdy_L_G97A,3bdy_H_G97A,3bdy_V_G97A,-8.99
3BN9_L_T98Q,3BN9_H_T98Q,3BN9_A_T98Q,-14.88
1MHP_L_102S3,1MHP_H_102S3,1MHP_B_102S3,-9.57
2NYY_L_955A,2NYY_H_955A,2NYY_A_955A,-15.72
3NGB_L_V73T1,3NGB_H_V73T1,3NGB_ADGJI_V73T1,-9.21
1KTZ_B_I53A,EMPTY,1KTZ_A_I53A,-8.53
1FFW_AC_112I,EMPTY,1FFW_BD_112I,-7.51
2NY7_CL_00eY3,2NY7_BH_00eY3,2NY7_AG_00eY3,-12.6
1T83_A_332E10,EMPTY,1T83_C_332E10,-8.35
2NYY_L_Y57Q,2NYY_H_Y57Q,2NYY_A_Y57Q,-15.2
1YY9_L_hw_A25V,1YY9_H_hw_A25V,1YY9_A_hw_A25V,-12.4
3NPS_C_163A,3NPS_B_163A,3NPS_A_163A,-13.22
1T83_A_235Q,EMPTY,1T83_C_235Q,-7.78
1MHP_L_102S2,1MHP_H_102S2,1MHP_B_102S2,-3
1DVF_A_D54A,1DVF_B_D54A,1DVF_C_D54A,-6.54
1MHP_L_T50E,1MHP_H_T50E,1MHP_B_T50E,-3
1T83_A_332E41,EMPTY,1T83_C_332E41,-10.57
1BJ1_L_K48A,1BJ1_H_K48A,1BJ1_VW_K48A,-11.14
1KTZ_B_E75A,EMPTY,1KTZ_A_E75A,-8.73
1VFB_AL_Y23A,1VFB_BH_Y23A,1VFB_C_Y23A,-11.07
3be1_L_S28A,3be1_H_S28A,3be1_A_S28A,-10.04
3NPS_C_N90A,3NPS_B_N90A,3NPS_A_N90A,-13.58
2NYY_L_H34R,2NYY_H_H34R,2NYY_A_H34R,-15.62
2NY7_CL_00eF1,2NY7_BH_00eF1,2NY7_AG_00eF1,-12.44
1T83_A_333T,EMPTY,1T83_C_333T,-8.03
2JEL_L_R17K,2JEL_H_R17K,2JEL_P_R17K,-11.49
1T83_A_332E35,EMPTY,1T83_C_332E35,-6.27
1KTZ_A_hw_V77A,EMPTY,1KTZ_B_hw_V77A,-9.33
1KTZ_B_V77A,EMPTY,1KTZ_A_V77A,-9.23
1T83_A_332E42,EMPTY,1T83_C_332E42,-7.42
1MHP_L_G53Q2,1MHP_H_G53Q2,1MHP_B_G53Q2,-3
1T83_A_330I1,EMPTY,1T83_C_330I1,-8.5
1T83_A_327S3,EMPTY,1T83_C_327S3,-6.1
3NPS_C_Q23A,3NPS_B_Q23A,3NPS_A_Q23A,-13.81
1T83_A_332D3,EMPTY,1T83_C_332D3,-9.5
1YY9_L_T61E1,1YY9_H_T61E1,1YY9_A_T61E1,-12.43
1MLC_ACL_N32Y,1MLC_BDH_N32Y,1MLC_EF_N32Y,-9.6
1JTG_BD_130A7,EMPTY,1JTG_AC_130A7,-12.8
1T83_A_325A,EMPTY,1T83_C_325A,-6.87
1DQJ_L_100A2,1DQJ_H_100A2,1DQJ_C_100A2,-10.55
1CZ8_L_F17A,1CZ8_H_F17A,1CZ8_WV_F17A,-14.12
1VFB_AL_124A1,1VFB_BH_124A1,1VFB_C_124A1,-7.67
1JTG_BD_130A9,EMPTY,1JTG_AC_130A9,-12.29
2NYY_L_919A,2NYY_H_919A,2NYY_A_919A,-12.84
1T83_A_332E9,EMPTY,1T83_C_332E9,-9.31
3NPS_C_221A,3NPS_B_221A,3NPS_A_221A,-13.94
2NYY_L_923A,2NYY_H_923A,2NYY_A_923A,-15.86
1DVF_A_N55A4,1DVF_B_N55A4,1DVF_C_N55A4,-8.98
1BJ1_L_G88A,1BJ1_H_G88A,1BJ1_VW_G88A,-8.79
1JTG_BD_234A5,EMPTY,1JTG_AC_234A5,-11.84
3HFM_L_C95A,3HFM_H_C95A,3HFM_YC_C95A,-8.83
1DVF_A_Y49A1,1DVF_B_Y49A1,1DVF_C_Y49A1,-6.32
1MHP_L_H56Y,1MHP_H_H56Y,1MHP_B_H56Y,-3
2JEL_L_T62A,2JEL_H_T62A,2JEL_P_T62A,-11.49
1T83_A_325V,EMPTY,1T83_C_325V,-7.75
1YY9_L_hw_G33D,1YY9_H_hw_G33D,1YY9_A_hw_G33D,-12.67
1T83_A_243W1,EMPTY,1T83_C_243W1,-6.6
1MLC_ACL_N92A15,1MLC_BDH_N92A15,1MLC_EF_N92A15,-10.85
1T83_A_328F,EMPTY,1T83_C_328F,-7.33
1VFB_AL_118A2,1VFB_BH_118A2,1VFB_C_118A2,-10.67
1JTG_BD_234A1,EMPTY,1JTG_AC_234A1,-12.23
3be1_L_G96A,3be1_H_G96A,3be1_A_G96A,-10.24
1T83_A_235V,EMPTY,1T83_C_235V,-7.75
3bdy_L_Y53A,3bdy_H_Y53A,3bdy_V_Y53A,-8.19
1T83_A_235H,EMPTY,1T83_C_235H,-7.65
1MLC_ACL_K65D,1MLC_BDH_K65D,1MLC_EF_K65D,-9.58
1MHP_L_S91K,1MHP_H_S91K,1MHP_B_S91K,-3
1YY9_L_hw_G30Y,1YY9_H_hw_G30Y,1YY9_A_hw_G30Y,-12.7
1MHP_L_H56N1,1MHP_H_H56N1,1MHP_B_H56N1,-3
1T83_A_265G2,EMPTY,1T83_C_265G2,-5.86
1T83_A_296Q,EMPTY,1T83_C_296Q,-7.79
3BN9_L_60cA,3BN9_H_60cA,3BN9_A_60cA,-14.93
1T83_A_299S,EMPTY,1T83_C_299S,-7.06
3BN9_L_175A,3BN9_H_175A,3BN9_A_175A,-12.37
3BN9_L_100H,3BN9_H_100H,3BN9_A_100H,-6.88
2NYY_L_294A,2NYY_H_294A,2NYY_A_294A,-15.42
1T83_A_332E33,EMPTY,1T83_C_332E33,-11.06
3HFM_L_K97A5,3HFM_H_K97A5,3HFM_YC_K97A5,-7.52
2NYY_L_917A,2NYY_H_917A,2NYY_A_917A,-15.3
1T83_A_278T,EMPTY,1T83_C_278T,-8.55
1T83_A_332Q4,EMPTY,1T83_C_332Q4,-7.84
1YY9_L_hw_V50L,1YY9_H_hw_V50L,1YY9_A_hw_V50L,-12.38
1MLC_ACL_N92A8,1MLC_BDH_N92A8,1MLC_EF_N92A8,-11.07
1DQJ_L_R21A1,1DQJ_H_R21A1,1DQJ_C_R21A1,-8.25
1VFB_AL_S28D,1VFB_BH_S28D,1VFB_C_S28D,-11.47
1MHP_L_T50V,1MHP_H_T50V,1MHP_B_T50V,-11.26
1MHP_L_H31W,1MHP_H_H31W,1MHP_B_H31W,-9.74
1MHP_L_L49F,1MHP_H_L49F,1MHP_B_L49F,-10.29
1KTZ_A_hw_112A,EMPTY,1KTZ_B_hw_112A,-8.83
1VFB_AL_L46E,1VFB_BH_L46E,1VFB_C_L46E,-3.47
1MHP_L_G53W1,1MHP_H_G53W1,1MHP_B_G53W1,-3
1MHP_L_G54T,1MHP_H_G54T,1MHP_B_G54T,-9.83
3HFM_L_K97A4,3HFM_H_K97A4,3HFM_YC_K97A4,-9.46
1T83_A_332N4,EMPTY,1T83_C_332N4,-7.68
1DQJ_L_W63A1,1DQJ_H_W63A1,1DQJ_C_W63A1,-9.25
1CZ8_L_M81A,1CZ8_H_M81A,1CZ8_WV_M81A,-10.02
1MLC_ACL_N92A5,1MLC_BDH_N92A5,1MLC_EF_N92A5,-11.96
1T83_A_296D,EMPTY,1T83_C_296D,-7.9
1T83_A_332E14,EMPTY,1T83_C_332E14,-9.34
1T83_A_328E,EMPTY,1T83_C_328E,-6.92
3bdy_L_G97A,3bdy_H_G97A,3bdy_V_G97A,-8.99
3BN9_L_T98Q,3BN9_H_T98Q,3BN9_A_T98Q,-14.88
1MHP_L_102S3,1MHP_H_102S3,1MHP_B_102S3,-9.57
2NYY_L_955A,2NYY_H_955A,2NYY_A_955A,-15.72
3NGB_L_V73T1,3NGB_H_V73T1,3NGB_ADGJI_V73T1,-9.21
1KTZ_B_I53A,EMPTY,1KTZ_A_I53A,-8.53
1FFW_AC_112I,EMPTY,1FFW_BD_112I,-7.51
2NY7_CL_00eY3,2NY7_BH_00eY3,2NY7_AG_00eY3,-12.6
1T83_A_332E10,EMPTY,1T83_C_332E10,-8.35
2NYY_L_Y57Q,2NYY_H_Y57Q,2NYY_A_Y57Q,-15.2
1YY9_L_hw_A25V,1YY9_H_hw_A25V,1YY9_A_hw_A25V,-12.4
3NPS_C_163A,3NPS_B_163A,3NPS_A_163A,-13.22
1T83_A_235Q,EMPTY,1T83_C_235Q,-7.78
1MHP_L_102S2,1MHP_H_102S2,1MHP_B_102S2,-3
1DVF_A_D54A,1DVF_B_D54A,1DVF_C_D54A,-6.54
1MHP_L_T50E,1MHP_H_T50E,1MHP_B_T50E,-3
1T83_A_332E41,EMPTY,1T83_C_332E41,-10.57
1BJ1_L_K48A,1BJ1_H_K48A,1BJ1_VW_K48A,-11.14
1KTZ_B_E75A,EMPTY,1KTZ_A_E75A,-8.73
1VFB_AL_Y23A,1VFB_BH_Y23A,1VFB_C_Y23A,-11.07
3be1_L_S28A,3be1_H_S28A,3be1_A_S28A,-10.04
3NPS_C_N90A,3NPS_B_N90A,3NPS_A_N90A,-13.58
2NYY_L_H34R,2NYY_H_H34R,2NYY_A_H34R,-15.62
2NY7_CL_00eF1,2NY7_BH_00eF1,2NY7_AG_00eF1,-12.44
1T83_A_333T,EMPTY,1T83_C_333T,-8.03
2JEL_L_R17K,2JEL_H_R17K,2JEL_P_R17K,-11.49
1T83_A_332E35,EMPTY,1T83_C_332E35,-6.27
1KTZ_A_hw_V77A,EMPTY,1KTZ_B_hw_V77A,-9.33
1KTZ_B_V77A,EMPTY,1KTZ_A_V77A,-9.23
1T83_A_332E42,EMPTY,1T83_C_332E42,-7.42
1MHP_L_G53Q2,1MHP_H_G53Q2,1MHP_B_G53Q2,-3
1T83_A_330I1,EMPTY,1T83_C_330I1,-8.5
1T83_A_327S3,EMPTY,1T83_C_327S3,-6.1
3NPS_C_Q23A,3NPS_B_Q23A,3NPS_A_Q23A,-13.81
1T83_A_332D3,EMPTY,1T83_C_332D3,-9.5
1YY9_L_T61E1,1YY9_H_T61E1,1YY9_A_T61E1,-12.43
1MLC_ACL_N32Y,1MLC_BDH_N32Y,1MLC_EF_N32Y,-9.6
1JTG_BD_130A7,EMPTY,1JTG_AC_130A7,-12.8
1T83_A_325A,EMPTY,1T83_C_325A,-6.87
1DQJ_L_100A2,1DQJ_H_100A2,1DQJ_C_100A2,-10.55
1CZ8_L_F17A,1CZ8_H_F17A,1CZ8_WV_F17A,-14.12
1VFB_AL_124A1,1VFB_BH_124A1,1VFB_C_124A1,-7.67
1JTG_BD_130A9,EMPTY,1JTG_AC_130A9,-12.29
2NYY_L_919A,2NYY_H_919A,2NYY_A_919A,-12.84
1T83_A_332E9,EMPTY,1T83_C_332E9,-9.31
3NPS_C_221A,3NPS_B_221A,3NPS_A_221A,-13.94
2NYY_L_923A,2NYY_H_923A,2NYY_A_923A,-15.86
1DVF_A_N55A4,1DVF_B_N55A4,1DVF_C_N55A4,-8.98
1BJ1_L_G88A,1BJ1_H_G88A,1BJ1_VW_G88A,-8.79
1JTG_BD_234A5,EMPTY,1JTG_AC_234A5,-11.84
3HFM_L_C95A,3HFM_H_C95A,3HFM_YC_C95A,-8.83
1DVF_A_Y49A1,1DVF_B_Y49A1,1DVF_C_Y49A1,-6.32
1MHP_L_H56Y,1MHP_H_H56Y,1MHP_B_H56Y,-3
2JEL_L_T62A,2JEL_H_T62A,2JEL_P_T62A,-11.49
1T83_A_325V,EMPTY,1T83_C_325V,-7.75
1YY9_L_hw_G33D,1YY9_H_hw_G33D,1YY9_A_hw_G33D,-12.67
1T83_A_243W1,EMPTY,1T83_C_243W1,-6.6
3HFM_L_S31A,3HFM_H_S31A,3HFM_YC_S31A,-14.18
1T83_A_296I,EMPTY,1T83_C_296I,-6.75
1DVF_A_H33A1,1DVF_B_H33A1,1DVF_C_H33A1,-8.21
3bdy_L_I29A,3bdy_H_I29A,3bdy_V_I29A,-8.09
3NPS_C_169A,3NPS_B_169A,3NPS_A_169A,-13.09
1YY9_L_hw_T57G,1YY9_H_hw_T57G,1YY9_A_hw_T57G,-12.24
3HFM_L_K96A5,3HFM_H_K96A5,3HFM_YC_K96A5,-6.35
1T83_A_313F,EMPTY,1T83_C_313F,-8.1
1DQJ_L_101A2,1DQJ_H_101A2,1DQJ_C_101A2,-10.15
1T83_A_296L,EMPTY,1T83_C_296L,-7.28
2JEL_L_E5D,2JEL_H_E5D,2JEL_P_E5D,-11.08
1KTZ_B_L27A,EMPTY,1KTZ_A_L27A,-7.83
1T83_A_332E53,EMPTY,1T83_C_332E53,-9.3
1T83_A_274E,EMPTY,1T83_C_274E,-9.25
1VFB_AL_G31W,1VFB_BH_G31W,1VFB_C_G31W,-11.46
1BJ1_L_M94A,1BJ1_H_M94A,1BJ1_VW_M94A,-10.13
1AK4_AB_486A,EMPTY,1AK4_CD_486A,-7.25
1CZ8_L_Q89A,1CZ8_H_Q89A,1CZ8_WV_Q89A,-13.06
1DVF_A_Y49A2,1DVF_B_Y49A2,1DVF_C_Y49A2,-9.22
1VFB_AL_120A1,1VFB_BH_120A1,1VFB_C_120A1,-8.97
1DVF_A_104A1,1DVF_B_104A1,1DVF_C_104A1,-9.38
1T83_A_298A,EMPTY,1T83_C_298A,-8.65
3HFM_L_Y20A4,3HFM_H_Y20A4,3HFM_YC_Y20A4,-6.35
1AK4_AB_490A,EMPTY,1AK4_CD_490A,-6.07
1JRH_L_H65D,1JRH_H_H65D,1JRH_I_H65D,-10.64
3NPS_C_R82A,3NPS_B_R82A,3NPS_A_R82A,-13.99
1BJ1_L_Q79A,1BJ1_H_Q79A,1BJ1_VW_Q79A,-11.55
1JTG_BD_243A6,EMPTY,1JTG_AC_243A6,-13.02
1MHP_L_H31R,1MHP_H_H31R,1MHP_B_H31R,-9.88
1KTZ_B_S49A,EMPTY,1KTZ_A_S49A,-9.23
1CZ8_L_G92A,1CZ8_H_G92A,1CZ8_WV_G92A,-10.02
1DQJ_L_Y20A3,1DQJ_H_Y20A3,1DQJ_C_Y20A3,-8.15
3NPS_C_141A,3NPS_B_141A,3NPS_A_141A,-12.05
1MLC_ACL_N92A14,1MLC_BDH_N92A14,1MLC_EF_N92A14,-10.29
3K2M_CD_Y35A,EMPTY,3K2M_AB_Y35A,-10.12
1KTZ_B_D32N,EMPTY,1KTZ_A_D32N,-8.03
2NY7_CL_S95T2,2NY7_BH_S95T2,2NY7_AG_S95T2,-11.5
1T83_A_332E7,EMPTY,1T83_C_332E7,-6.82
2JEL_L_E5Q,2JEL_H_E5Q,2JEL_P_E5Q,-10.77
3BN9_L_146A,3BN9_H_146A,3BN9_A_146A,-13.79
1KTZ_A_hw_E75A,EMPTY,1KTZ_B_hw_E75A,-8.63
1MLC_ACL_T31A,1MLC_BDH_T31A,1MLC_EF_T31A,-9.15
3bdy_L_T93A,3bdy_H_T93A,3bdy_V_T93A,-9.19
1MHP_L_G54M,1MHP_H_G54M,1MHP_B_G54M,-3
3NGB_L_T33Y,3NGB_H_T33Y,3NGB_ADGJI_T33Y,-10.8
1MHP_L_G54I,1MHP_H_G54I,1MHP_B_G54I,-9.64
1VFB_AL_W92A,1VFB_BH_W92A,1VFB_C_W92A,-8.17
1MHP_L_L49Y,1MHP_H_L49Y,1MHP_B_L49Y,-3
1MLC_ACL_N92A2,1MLC_BDH_N92A2,1MLC_EF_N92A2,-12
1T83_A_269H,EMPTY,1T83_C_269H,-5.86
1VFB_AL_Y32A1,1VFB_BH_Y32A1,1VFB_C_Y32A1,-10.37
1VFB_AL_119A2,1VFB_BH_119A2,1VFB_C_119A2,-8.77
1JTG_BD_234A10,EMPTY,1JTG_AC_234A10,-12.76
2NYY_L_064A,2NYY_H_064A,2NYY_A_064A,-7.7
1VFB_AL_121A1,1VFB_BH_121A1,1VFB_C_121A1,-7.97
1JTG_BD_130A5,EMPTY,1JTG_AC_130A5,-12.55
1KTZ_A_hw_D32N,EMPTY,1KTZ_B_hw_D32N,-7.73
3NPS_C_F92A,3NPS_B_F92A,3NPS_A_F92A,-13.37
3BN9_L_153A,3BN9_H_153A,3BN9_A_153A,-14.54
3NPS_C_D91A,3NPS_B_D91A,3NPS_A_D91A,-12.32
1DQJ_L_L75A2,1DQJ_H_L75A2,1DQJ_C_L75A2,-9.95
1T83_A_330Y2,EMPTY,1T83_C_330Y2,-5.86
1T83_A_264T4,EMPTY,1T83_C_264T4,-8.78
3be1_L_27dA,3be1_H_27dA,3be1_A_27dA,-10.54
3bdy_L_T94A,3bdy_H_T94A,3bdy_V_T94A,-8.89
3be1_L_W95A,3be1_H_W95A,3be1_A_W95A,-8.54
1MHP_L_K64E1,1MHP_H_K64E1,1MHP_B_K64E1,-11.14
1T83_A_235D1,EMPTY,1T83_C_235D1,-8.48
1VFB_AL_N19A,1VFB_BH_N19A,1VFB_C_N19A,-11.17
3BN9_L_T98A,3BN9_H_T98A,3BN9_A_T98A,-13.75
2NYY_L_058A,2NYY_H_058A,2NYY_A_058A,-15.71
1DVF_A_106A1,1DVF_B_106A1,1DVF_C_106A1,-6.16
1T83_A_332Q2,EMPTY,1T83_C_332Q2,-9.5
1CZ8_L_R82A,1CZ8_H_R82A,1CZ8_WV_R82A,-13.3
2NY7_CL_00eY2,2NY7_BH_00eY2,2NY7_AG_00eY2,-12.4
1YY9_L_hw_T97S,1YY9_H_hw_T97S,1YY9_A_hw_T97S,-12.48
1VFB_AL_124A3,1VFB_BH_124A3,1VFB_C_124A3,-10.27
3K2M_CD_R38A,EMPTY,3K2M_AB_R38A,-8.62
2JEL_L_K24E,2JEL_H_K24E,2JEL_P_K24E,-11.49
1T83_A_332E46,EMPTY,1T83_C_332E46,-6.51
1T83_A_239F,EMPTY,1T83_C_239F,-7.28
3bdy_L_R50A,3bdy_H_R50A,3bdy_V_R50A,-9.19
1VFB_AL_Y32E,1VFB_BH_Y32E,1VFB_C_Y32E,-9.56
2NYY_L_955A,2NYY_H_955A,2NYY_A_955A,-15.2
1T83_A_324L,EMPTY,1T83_C_324L,-5.86
3HFM_L_C95F,3HFM_H_C95F,3HFM_YC_C95F,-11.1
3BN9_L_R87A,3BN9_H_R87A,3BN9_A_R87A,-15.04
1KTZ_B_119A,EMPTY,1KTZ_A_119A,-8.33
1MLC_ACL_T31V,1MLC_BDH_T31V,1MLC_EF_T31V,-9.07
1T83_A_332E1,EMPTY,1T83_C_332E1,-9.57
1T83_A_332E60,EMPTY,1T83_C_332E60,-9.84
3BN9_L_S30G,3BN9_H_S30G,3BN9_A_S30G,-13.52
1JTG_BD_234A8,EMPTY,1JTG_AC_234A8,-12.14
3NPS_C_I26A,3NPS_B_I26A,3NPS_A_I26A,-13.19
3NPS_C_T93A,3NPS_B_T93A,3NPS_A_T93A,-13.11
1T83_A_266A,EMPTY,1T83_C_266A,-5.86
1T83_A_332E30,EMPTY,1T83_C_332E30,-5.86
2NYY_L_954A,2NYY_H_954A,2NYY_A_954A,-15.62
1CZ8_L_E93A,1CZ8_H_E93A,1CZ8_WV_E93A,-12.97
1JRH_L_I28V,1JRH_H_I28V,1JRH_I_I28V,-10.91